{
  "timestamp": "2026-01-21T03:26:36.329Z",
  "runtime": "node",
  "options": {
    "runs": 3,
    "warmup": false
  },
  "results": [
    {
      "framework": "stream-weaver",
      "runs": 3,
      "ttfb": {
        "min": 4.232917000000043,
        "max": 9.025624999999991,
        "avg": 6.024305666666692,
        "median": 4.814375000000041,
        "p95": 8.604499999999994
      },
      "fullRender": {
        "min": 4.30758400000002,
        "max": 9.203875000000039,
        "avg": 6.117750333333372,
        "median": 4.841792000000055,
        "p95": 8.76766670000004
      },
      "bytesPerRender": 30974
    }
  ]
}